Workbook

Sheet Geral
A1: Estimativa de Esforço de Projeto baseado em Pontos de Caso de Uso (vs 1.0)
A4: Projeto: GlobalTech
A5: Responsável: Thais, Bryan, Gustavo
A6: Data: 17/05/2021
E7: Versão original do documento
C8: < Obs.: As instruções para uso da planilha encontram-se logo a baixo>
A10: Resultado da Estimativa | G10: Esforço por fases | J10: Horas | K10: %
A11: Total de Pontos de Caso de Uso(tamanho) | E11: =80 -> 80 | G11: Fase de Prospecção | J11: =$E$11*$E$12*K11 -> 13.44 | K11: ='Dados históricos'!G11 -> 0.056
A12: Pessoas/hora por RFS | E12: 3 | G12: Fase de Análise | J12: =$E$11*$E$12*K12 -> 53.76 | K12: ='Dados históricos'!I11*0.8 -> 0.224
G13: Fase de Projeto | J13: =$E$11*$E$12*K13 -> 13.44 | K13: ='Dados históricos'!I11*0.2 -> 0.056
G14: Fase de Planejamento | J14: =$E$11*$E$12*K14 -> 19.2 | K14: ='Dados históricos'!K11 -> 0.08
G15: Fase de Desenvolvimento | J15: =$E$11*$E$12*K15 -> 104 | K15: ='Dados históricos'!M11 -> 0.43333333
G16: Processo de Monitoramento e Controle | J16: =$E$11*$E$12*K16 -> 19.52 | K16: ='Dados históricos'!Q11 -> 0.081333333
G17: Fase de Fechamento | J17: =$E$11*$E$12*K17 -> 6.4 | K17: ='Dados históricos'!O11 -> 0.026666667
G18: Processo Controle de mudanças | J18: =$E$11*$E$12*K18 -> 10.24 | K18: ='Dados históricos'!S11 -> 0.042666667
G19: Total de horas do Projeto | J19: =SUM(J11:J18) -> 240 | K19: =SUM(K11:K18) -> 1
E21: Instruções para realizar a estimativa do Projeto:
A22: 1) Preencha a Planilha Atores indicando os atores(usuários do sistema) e a sua complexidade.
A23: 2) Preencha a Planilha RFS ou RFC indicando os Requisitos e quantidade de transações.
A24: 3) Preencha a Planilha Fatores, com os fatores de complexidade ambiental e técnicos do Projeto.
A25: 4) Após a execução dos passos anteriores, os resultados finais encontram-se na Planilha Geral.

Sheet Atores
A1: Atores do Projeto
B5: Complexidade do Ator | E5: Peso | G5: Qt. de Atores
B6: Simples | E6: 1 | G6: 0
B7: Médio | E7: 2 | G7: 0
B8: Complexo | E8: 3 | G8: 3
B9: Peso Total Atores | E9: =((E6*G6)+(E7*G7)+(E8*G8)) -> 9
D13: Atores | F13: Complexidade
D14: Gerente | F14: Complexo
D15: Funcionário | F15: Complexo
D16: Atendente | F16: Complexo
D17: Funcionário | F17: Complexo
D18: Total | F18: 9

Sheet RFS ou RFC
A1: Casos de Uso do Projeto
D3: Complexidade do RF | G3: Peso | H3: Qt. de UC
D4: Simples | G4: 3 | H4: 16
D5: Médio | G5: 4 | H5: 0
D6: Complexo | G6: 5 | H6: 12
D7: Peso Total UC | G7: =((G4*H4)+(G5*H5)+(G6*H6)) -> 108
A9: ID | B9: Nome do RFC ou RFS | F9: Nro Entidades | H9: Complexidade | J9: Discriminar Transações(opcional)
A10: [RFS02] | B10: Editar Funcionário | F10: 6 | H10: Complexo | J10: Nome do funcionário, RG do funcionário, Data de aniversário, CPF do funcionário, Setor de atuação, Permissões de sistema, Salário
A11: [RFS03] | B11: Consultar Funcionário | F11: 6 | H11: Complexo | J11: Nome do funcionário, RG do funcionário, Data de aniversário, CPF do funcionário, Setor de atuação, Permissões de sistema, Salário
A12: [RFS04] | B12: Excluir Funcionário | F12: 1 | H12: Simples | J12: Funcionário
A13: [RFS05] | B13: Cadastrar grupo de funcionário | F13: 2 | H13: Simples | J13: Nome do grupo, Setor(es) de atuação
A14: [RFS06] | B14: Editar grupo de Funcionários | F14: 2 | H14: Simples | J14: Nome do grupo, Setor(es) de atuação
A15: [RFS07] | B15: Consultar grupo de Funcionários | F15: 2 | H15: Simples | J15: Nome do grupo, Setor(es) de atuação
A16: [RFS08] | B16: Excluir grupo de Funcionários | F16: 1 | H16: Simples | J16: Grupo de Funcionários
A17: [RFS09] | B17: Cadastrar Produto | F17: 5 | H17: Complexo | J17: Nome do produto, Classe do produto, Cor , Material, Tamanho(s) disponível(eis) , Sexo, Classificações, Medidas
A18: [RFS10] | B18: Editar Produto | F18: 5 | H18: Complexo | J18: Nome do produto, Classe do produto, Cor , Material, Tamanho(s) disponível(eis)
A19: [RFS11] | B19: Consultar Produto | F19: 5 | H19: Complexo | J19: Nome do produto, Classe do produto, Cor , Material, Tamanho(s) disponível(eis)
A20: [RFS12] | B20: Excluir Produto | F20: 1 | H20: Simples | J20: Produto
A21: [RFS13] | B21: Cadastrar Grupo de Produto | F21: 2 | H21: Simples | J21: Nome do grupo, Característica do grupo
... A36: [RFS28] | B36: Excluir Cliente | F36: 1 | H36: Simples | J36: Grupo de clientes

Sheet Fatores
A1: Fatores de Complexidade
A4: Influência Tecnológica
A5: ID | E5: Descrição | J5: Peso | K5: Influência
A6: T01 | E6: Sistemas Distribuídos | J6: 2 | K6: 0
A7: T02 | E7: Tempo de resposta | J7: 1 | K7: 2
A8: T03 | E8: Grau de escolaridade do usuário final | J8: 1 | K8: 2
A9: T04 | E9: Processamento interno complexo | J9: 1 | K9: 1
A10: T05 | E10: Reusabilidade do código em outras aplicações | J10: 1 | K10: 2
A11: T06 | E11: Facilidade de instalação | J11: 0.5 | K11: 5
A12: T07 | E12: Usabilidade (facilidade operacional) | J12: 0.5 | K12: 5
A13: T08 | E13: Portabilidade | J13: 2 | K13: 0
A14: T09 | E14: Facilidade de manutenção | J14: 1 | K14: 4
A15: T10 | E15: Concorrência | J15: 1 | K15: 2
A16: T11 | E16: Características especiais de segurança | J16: 1 | K16: 2
A17: T12 | E17: Acesso direto para terceiros | J17: 1 | K17: 1
A18: T13 | E18: Facilidades especiais de treinamento | J18: 1 | K18: 0
A19: Fator de Complexidade Técnica | E19: =0.6+(0.01*SUM(J6*K6,J7*K7,J8*K8,J9*K9,J10*K10,J11*K11,J12*K12,J13*K13,J14*K14,J15*K15,J16*K16,J17*K17,J18*K18)) -> 0.81
A23: Influência Ambiental
A24: ID | E24: Descrição | L24: Peso | M24: Influência
A25: F01 | E25: Familiaridade com o Processo de Desenvolvimento de Software | L25: 1.5 | M25: 2
A26: F02 | E26: Experiência na Aplicação | L26: 0.5 | M26: 0
A27: F03 | E27: Experiência em Programação Orientada a Objetos | L27: 1 | M27: 2
A28: F04 | E28: Capacidade do Líder de Projeto | L28: 0.5 | M28: 1
A29: F05 | E29: Motivação | L29: 1 | M29: 5
A30: F06 | E30: Requisitos estáveis | L30: 2 | M30: 5
A31: F07 | E31: Trabalhadores com dedicação parcial | L31: -1 | M31: 4
A32: F08 | E32: Dificuldade da Linguagem de Programação | L32: -1 | M32: 2
A33: Fator de Complexidade Ambiental | E33: =1.4+(-0.03*SUM(L25*M25,L26*M26,L27*M27,L28*M28,L29*M29,L30*M30,L31*M31,L32*M32)) -> 0.965

Sheet Dados históricos
A1: Base histórica de Projetos
A4: Projetos | C4: Tamanho | E4: Horas Reais | G4: Prospecção | I4: Análise e Projeto | K4: Planejamento | M4: Desenvolvimento | O4: Fechamento | Q4: Mon.Controle | S4: Cont. Mud. | U4: Produtividade
A5: Projeto 01 | C5: 190 | E5: =SUM(G5:T5) -> 389 | G5: 25 | I5: 80 | K5: 25 | M5: 200 | O5: 10 | Q5: 25 | S5: 24 | U5: =E5/C5 -> 2.0473684
A6: Projeto 02 | C6: 130 | E6: =SUM(G6:T6) -> 326 | G6: 20 | I6: 120 | K6: 30 | M6: 100 | O6: 10 | Q6: 30 | S6: 16 | U6: =E6/C6 -> 2.5076923
A7: Projeto 03 | C7: 140 | E7: =SUM(G7:T7) -> 399 | G7: 17 | I7: 90 | K7: 32 | M7: 200 | O7: 12 | Q7: 32 | S7: 16 | U7: =E7/C7 -> 2.85
A8: Projeto 04 | C8: 125 | E8: =SUM(G8:T8) -> 386 | G8: 22 | I8: 130 | K8: 33 | M8: 150 | O8: 8 | Q8: 35 | S8: 8 | U8: =E8/C8 -> 3.088
A9: Total de horas por fase | E9: =SUM(E5,E6,E7,E8) -> 1500 | G9: =SUM(G5,G6,G7,G8) -> 84 | I9: =SUM(I5,I6,I7,I8) -> 420 | K9: =SUM(K5,K6,K7,K8) -> 120 | M9: =SUM(M5,M6,M7,M8) -> 650 | O9: =SUM(O5,O6,O7,O8) -> 40 | Q9: =SUM(Q5,Q6,Q7,Q8) -> 122 | S9: =SUM(S5,S6,S7,S8) -> 64
Q10: Produtividade média | U10: 10.0
A11: % de esforço por fases | G11: =((G9)/$E$9) -> 0.056 | I11: =((I9)/$E$9) -> 0.28 | K11: =((K9)/$E$9) -> 0.08 | M11: =((M9)/$E$9) -> 0.43333333 | O11: =((O9)/$E$9) -> 0.026666667 | Q11: =((Q9)/$E$9) -> 0.081333333 | S11: =((S9)/$E$9) -> 0.042666667 | U11: =SUM(G11,I11,K11,M11,O11,Q11,S11) -> 1
